gene_id,Sample01,Sample02,Sample03,Sample04,Sample05,Sample06
Gene001,23,30,11,247,191,79
Gene002,57,37,23,149,84,160
Gene003,139,254,135,347,392,490
Gene004,21,55,29,283,251,298
Gene005,92,118,189,291,381,391
Gene006,26,34,35,137,203,274
Gene007,8,25,41,56,78,117
Gene008,67,194,96,840,152,914
Gene009,73,42,165,230,311,389
Gene010,42,32,119,274,432,434
Gene011,252,154,485,638,1270,1056
Gene012,69,255,153,360,589,381
Gene013,151,88,74,749,893,621
Gene014,478,538,455,2943,1569,1108
Gene015,382,363,525,1161,708,1545
Gene016,20,111,69,457,307,179
Gene017,200,147,208,690,459,185
Gene018,139,92,113,242,288,1129
Gene019,31,25,24,217,238,51
Gene020,29,24,62,234,197,263
Gene021,30,53,17,3,9,18
Gene022,121,86,88,30,25,16
Gene023,168,266,432,51,202,60
Gene024,199,212,448,71,80,54
Gene025,35,19,34,8,5,20
Gene026,300,522,265,80,121,245
Gene027,25,12,4,2,2,4
Gene028,25,74,34,5,26,10
Gene029,562,306,206,86,46,188
Gene030,41,62,62,4,6,2
Gene031,49,29,58,8,27,15
Gene032,46,25,29,6,17,4
Gene033,195,202,56,27,28,32
Gene034,255,129,540,34,56,83
Gene035,144,188,215,45,61,50
Gene036,100,65,169,37,37,72
Gene037,60,87,53,12,5,16
Gene038,36,45,61,6,10,20
Gene039,36,99,50,3,25,32
Gene040,72,101,78,30,37,34
Gene041,29,57,30,19,54,52
Gene042,220,117,147,150,235,39
Gene043,19,78,119,18,47,55
Gene044,29,15,24,19,49,14
Gene045,434,293,399,538,395,310
Gene046,162,180,200,118,227,112
Gene047,265,315,446,262,617,283
Gene048,125,193,178,226,289,148
Gene049,26,45,39,27,32,31
Gene050,7,8,10,7,4,4
Gene051,170,103,37,95,175,110
Gene052,28,31,61,78,46,61
Gene053,44,99,24,70,32,51
Gene054,44,47,44,37,15,13
Gene055,115,49,348,148,80,228
Gene056,74,132,34,68,92,166
Gene057,102,361,213,286,177,183
Gene058,1308,1381,603,408,1186,1045
Gene059,125,140,230,133,136,108
Gene060,16,30,30,37,33,15
Gene061,58,118,102,82,81,82
Gene062,54,103,65,88,19,66
Gene063,20,37,95,30,44,32
Gene064,34,89,23,33,51,59
Gene065,39,48,144,36,22,92
Gene066,55,51,19,32,55,52
Gene067,95,104,152,40,105,126
Gene068,43,78,113,62,86,47
Gene069,287,195,153,189,106,169
Gene070,105,68,213,83,77,81
Gene071,201,108,121,225,69,209
Gene072,10,26,19,36,22,23
Gene073,278,218,580,209,222,251
Gene074,84,116,105,61,39,88
Gene075,50,86,132,123,69,165
Gene076,121,166,157,127,103,131
Gene077,42,33,75,77,71,90
Gene078,44,30,67,21,57,33
Gene079,499,775,867,476,866,1204
Gene080,40,27,60,11,12,40
Gene081,42,26,127,43,114,195
Gene082,77,41,90,135,35,62
Gene083,34,71,49,97,128,51
Gene084,37,51,55,24,35,72
Gene085,12,11,26,31,32,16
Gene086,27,57,61,47,64,19
Gene087,254,141,147,383,756,149
Gene088,61,46,346,66,237,149
Gene089,138,65,91,128,157,102
Gene090,416,327,183,415,512,256
Gene091,60,146,50,149,150,119
Gene092,32,65,35,45,45,119
Gene093,22,90,54,68,40,80
Gene094,13,38,13,18,32,5
Gene095,40,91,55,17,39,46
Gene096,204,357,213,72,196,185
Gene097,71,86,28,43,72,52
Gene098,22,15,28,33,17,6
Gene099,41,31,29,22,41,28
Gene100,581,120,214,495,208,533
Gene101,125,109,39,224,58,96
Gene102,59,56,105,156,74,91
Gene103,71,75,173,102,122,110
Gene104,29,34,47,35,31,56
Gene105,197,196,202,199,77,159
Gene106,81,342,86,126,90,249
Gene107,677,580,610,1005,833,171
Gene108,2,2,9,2,23,9
Gene109,191,237,212,201,154,192
Gene110,1052,346,1013,246,1230,962
Gene111,9,18,17,55,25,15
Gene112,34,50,72,37,27,136
Gene113,7,39,38,12,34,30
Gene114,8,21,38,44,47,20
Gene115,27,23,38,59,21,10
Gene116,24,32,70,15,25,11
Gene117,511,527,343,238,336,303
Gene118,31,17,24,59,51,66
Gene119,14,10,15,6,11,16
Gene120,44,22,48,62,17,79
Gene121,101,149,235,81,154,195
Gene122,38,63,22,27,21,30
Gene123,19,2,32,12,33,11
Gene124,28,72,11,43,32,46
Gene125,20,12,6,10,9,15
Gene126,41,74,28,43,45,91
Gene127,167,194,571,180,366,188
Gene128,114,136,184,458,345,413
Gene129,7,23,10,13,3,16
Gene130,148,92,111,136,151,381
Gene131,7,25,87,75,78,35
Gene132,98,69,69,67,65,72
Gene133,187,97,192,224,334,210
Gene134,323,188,290,106,165,273
Gene135,52,13,52,91,86,41
Gene136,146,117,170,140,316,380
Gene137,309,964,1538,1210,2503,1275
Gene138,19,55,44,10,16,6
Gene139,765,504,662,338,643,752
Gene140,26,41,34,6,23,55
Gene141,102,107,176,107,159,144
Gene142,2,5,4,1,4,3
Gene143,187,78,168,51,119,48
Gene144,49,143,174,49,55,70
Gene145,125,172,152,66,129,222
Gene146,74,98,9,96,85,43
Gene147,75,74,191,75,34,54
Gene148,26,27,74,24,55,46
Gene149,90,28,60,28,98,60
Gene150,103,111,213,35,282,74
Gene151,50,26,37,41,57,41
Gene152,80,92,65,55,80,91
Gene153,21,20,112,43,34,58
Gene154,48,40,55,14,22,82
Gene155,214,277,140,194,89,52
Gene156,97,74,75,30,62,61
Gene157,43,56,35,41,57,31
Gene158,38,155,88,221,60,120
Gene159,70,63,53,146,58,39
Gene160,86,173,193,90,248,266
Gene161,104,87,120,88,107,136
Gene162,78,637,310,369,101,370
Gene163,130,107,170,173,139,193
Gene164,89,120,82,80,73,48
Gene165,56,26,36,68,32,65
Gene166,29,16,63,48,17,24
Gene167,47,109,28,43,87,172
Gene168,86,132,140,34,154,112
Gene169,103,91,331,210,105,78
Gene170,66,44,63,9,15,32
Gene171,70,120,132,102,96,107
Gene172,18,94,90,105,80,112
Gene173,146,141,233,330,180,266
Gene174,41,108,75,70,95,84
Gene175,325,499,619,378,668,990
Gene176,52,63,103,83,128,81
Gene177,109,130,355,126,153,159
Gene178,31,22,40,29,75,28
Gene179,299,160,118,163,137,190
Gene180,6,10,25,9,16,4
Gene181,113,37,127,34,189,246
Gene182,196,177,87,64,187,154
Gene183,5,10,18,10,10,35
Gene184,354,267,217,215,417,163
Gene185,97,227,95,38,160,294
Gene186,45,20,85,29,71,62
Gene187,116,153,94,68,103,168
Gene188,191,119,171,184,95,395
Gene189,246,334,245,300,393,250
Gene190,81,126,151,152,159,66
Gene191,52,46,21,23,39,14
Gene192,30,38,68,46,62,86
Gene193,40,150,157,77,202,218
Gene194,64,86,95,95,145,98
Gene195,314,252,549,482,727,694
Gene196,150,191,79,107,100,118
Gene197,236,351,235,228,378,132
Gene198,128,66,104,32,29,46
Gene199,114,58,45,48,115,69
Gene200,12,15,23,4,22,12
Gene201,45,55,55,43,95,115
Gene202,209,235,249,226,324,157
Gene203,19,24,17,23,22,49
Gene204,334,803,958,633,1141,710
Gene205,32,19,27,46,56,16
Gene206,17,28,15,5,3,24
Gene207,6,10,3,12,8,20
Gene208,49,60,45,31,79,84
Gene209,23,31,53,68,79,88
Gene210,191,297,282,233,135,137
Gene211,81,9,77,47,63,68
Gene212,93,83,148,115,93,99
Gene213,80,106,93,71,70,41
Gene214,10,42,34,37,29,36
Gene215,26,29,62,84,35,19
Gene216,216,254,394,265,521,163
Gene217,166,98,76,69,200,170
Gene218,36,51,51,43,24,98
Gene219,46,53,43,36,22,58
Gene220,19,17,49,13,20,20
Gene221,11,9,11,17,22,17
Gene222,32,41,89,18,81,51
Gene223,6,8,23,37,26,27
Gene224,627,454,353,829,1226,343
Gene225,25,22,25,27,78,44
Gene226,13,11,33,3,13,7
Gene227,21,35,25,25,23,15
Gene228,45,88,26,38,45,42
Gene229,273,544,717,222,447,641
Gene230,48,107,63,106,207,150
Gene231,440,351,262,557,548,397
Gene232,104,73,173,61,219,200
Gene233,79,69,120,35,29,62
Gene234,363,213,277,163,230,102
Gene235,14,81,31,32,89,36
Gene236,98,79,54,53,42,51
Gene237,65,51,84,71,74,54
Gene238,161,75,330,140,350,218
Gene239,280,208,196,167,250,506
Gene240,157,139,245,156,286,261
Gene241,211,781,464,713,448,488
Gene242,22,24,33,43,85,18
Gene243,46,91,58,46,110,47
Gene244,33,24,22,40,46,48
Gene245,24,77,66,29,101,45
Gene246,79,132,88,68,81,88
Gene247,108,274,128,46,112,101
Gene248,82,90,101,73,216,57
Gene249,60,64,68,51,47,73
Gene250,92,41,262,71,88,147
Gene251,28,54,19,55,13,54
Gene252,15,29,29,16,23,8
Gene253,543,339,359,235,420,170
Gene254,9,14,33,26,21,37
Gene255,275,258,354,131,394,388
Gene256,40,32,24,12,33,18
Gene257,33,26,65,54,35,64
Gene258,196,239,137,189,197,279
Gene259,220,121,151,107,181,120
Gene260,61,80,245,60,134,85
Gene261,34,68,57,12,46,56
Gene262,62,28,91,57,34,44
Gene263,552,648,313,94,219,533
Gene264,11,9,13,3,12,6
Gene265,152,232,245,236,202,156
Gene266,252,271,462,128,304,216
Gene267,113,119,271,109,161,151
Gene268,11,8,22,15,27,23
Gene269,93,80,71,184,52,104
Gene270,46,69,93,84,56,13
Gene271,13,32,13,22,20,5
Gene272,97,106,121,58,112,95
Gene273,112,165,112,366,87,169
Gene274,193,111,179,466,362,159
Gene275,151,294,121,115,279,131
Gene276,122,143,103,103,84,78
Gene277,88,53,20,49,158,158
Gene278,10,32,40,21,34,20
Gene279,215,248,352,571,576,100
Gene280,70,78,55,58,119,63
Gene281,43,69,30,61,26,24
Gene282,26,13,39,47,73,45
Gene283,108,29,168,81,47,106
Gene284,35,29,56,64,49,43
Gene285,13,22,16,17,17,10
Gene286,287,305,159,298,188,239
Gene287,7,12,21,7,40,29
Gene288,51,63,66,149,92,77
Gene289,10,56,46,15,63,98
Gene290,46,77,111,69,48,38
Gene291,420,856,301,1168,1463,1411
Gene292,56,70,130,162,117,94
Gene293,79,168,137,195,106,137
Gene294,16,27,19,24,28,33
Gene295,336,199,366,600,252,259
Gene296,84,42,86,37,116,21
Gene297,74,130,75,71,247,212
Gene298,69,125,68,65,63,88
Gene299,92,202,120,112,190,72
Gene300,248,443,282,788,484,460
